INSERT INTO room (room_no, no_people, description, room_type, price_per_night_value, price_per_night_currency,
                  room_size_value, room_size_unit, bathroom_type, status, version, created_at, modified_at, is_balcony,
                  is_coffee_machine, is_outstanding_view, is_rest_area, is_tv)
VALUES (1, 6, 'Room for 6 people. Simply perfect.', 'PREMIUM', 66, 'EUR', 60, 'm2', 'BATH', 'ACTIVE', 1,
        '2022-05-01 20:00:00.000000', '2022-05-01 20:00:00.000000', 'true', 'true', 'true', 'true', 'true'),
       (2, 2, 'Room for 2 people. Simply perfect.', 'STANDARD', 30, 'EUR', 20, 'm2', 'SHOWER', 'ACTIVE', 1,
        '2022-05-01 20:00:00.000000', '2022-05-01 20:00:00.000000', 'false', 'false', 'false', 'false', 'true'),
       (3, 6, 'Room for 6 people. Simply perfect.', 'STANDARD', 66, 'EUR', 60, 'm2', 'SHOWER', 'ACTIVE', 1,
        '2022-05-01 20:00:00.000000', '2022-05-01 20:00:00.000000', 'false', 'false', 'false', 'false', 'true'),
       (4, 6, 'Room for 6 people. Simply perfect.', 'STANDARD', 108, 'EUR', 60, 'm2', 'SHOWER', 'ACTIVE', 1,
        '2022-05-01 20:00:00.000000', '2022-05-01 20:00:00.000000', 'false', 'false', 'false', 'false', 'true'),
       (5, 1, 'Room for 1 people. Simply perfect.', 'PREMIUM', 19, 'EUR', 10, 'm2', 'BATH', 'ACTIVE', 1,
        '2022-05-01 20:00:00.000000', '2022-05-01 20:00:00.000000', 'true', 'true', 'true', 'true', 'true'),
       (6, 4, 'Room for 4 people. Simply perfect.', 'PREMIUM', 48, 'EUR', 40, 'm2', 'BATH', 'ACTIVE', 1,
        '2022-05-01 20:00:00.000000', '2022-05-01 20:00:00.000000', 'true', 'true', 'true', 'true', 'true'),
       (7, 1, 'Room for 1 people. Simply perfect.', 'PREMIUM', 10, 'EUR', 10, 'm2', 'SHOWER', 'ACTIVE', 1,
        '2022-05-01 20:00:00.000000', '2022-05-01 20:00:00.000000', 'true', 'true', 'true', 'true', 'true'),
       (8, 1, 'Room for 1 people. Simply perfect.', 'STANDARD', 11, 'EUR', 10, 'm2', 'BATH', 'ACTIVE', 1,
        '2022-05-01 20:00:00.000000', '2022-05-01 20:00:00.000000', 'false', 'false', 'false', 'false', 'true'),
       (9, 1, 'Room for 1 people. Simply perfect.', 'PREMIUM', 10, 'EUR', 10, 'm2', 'BATH', 'ACTIVE', 1,
        '2022-05-01 20:00:00.000000', '2022-05-01 20:00:00.000000', 'true', 'true', 'true', 'true', 'true'),
       (10, 2, 'Room for 2 people. Simply perfect.', 'PREMIUM', 38, 'EUR', 20, 'm2', 'BATH', 'ACTIVE', 1,
        '2022-05-01 20:00:00.000000', '2022-05-01 20:00:00.000000', 'true', 'true', 'true', 'true', 'true'),
       (11, 1, 'Room for 1 people. Simply perfect.', 'STANDARD', 18, 'EUR', 10, 'm2', 'BATH', 'ACTIVE', 1,
        '2022-05-01 20:00:00.000000', '2022-05-01 20:00:00.000000', 'false', 'false', 'false', 'false', 'true'),
       (12, 3, 'Room for 3 people. Simply perfect.', 'PREMIUM', 45, 'EUR', 30, 'm2', 'SHOWER', 'ACTIVE', 1,
        '2022-05-01 20:00:00.000000', '2022-05-01 20:00:00.000000', 'true', 'true', 'true', 'true', 'true'),
       (13, 6, 'Room for 6 people. Simply perfect.', 'PREMIUM', 66, 'EUR', 60, 'm2', 'BATH', 'ACTIVE', 1,
        '2022-05-01 20:00:00.000000', '2022-05-01 20:00:00.000000', 'true', 'true', 'true', 'true', 'true'),
       (14, 3, 'Room for 3 people. Simply perfect.', 'STANDARD', 39, 'EUR', 30, 'm2', 'BATH', 'ACTIVE', 1,
        '2022-05-01 20:00:00.000000', '2022-05-01 20:00:00.000000', 'false', 'false', 'false', 'false', 'true'),
       (15, 5, 'Room for 5 people. Simply perfect.', 'PREMIUM', 80, 'EUR', 50, 'm2', 'BATH', 'ACTIVE', 1,
        '2022-05-01 20:00:00.000000', '2022-05-01 20:00:00.000000', 'true', 'true', 'true', 'true', 'true'),
       (16, 1, 'Room for 1 people. Simply perfect.', 'STANDARD', 14, 'EUR', 10, 'm2', 'SHOWER', 'ACTIVE', 1,
        '2022-05-01 20:00:00.000000', '2022-05-01 20:00:00.000000', 'false', 'false', 'false', 'false', 'true'),
       (17, 3, 'Room for 3 people. Simply perfect.', 'STANDARD', 54, 'EUR', 30, 'm2', 'BATH', 'ACTIVE', 1,
        '2022-05-01 20:00:00.000000', '2022-05-01 20:00:00.000000', 'false', 'false', 'false', 'false', 'true'),
       (18, 6, 'Room for 6 people. Simply perfect.', 'PREMIUM', 102, 'EUR', 60, 'm2', 'SHOWER', 'ACTIVE', 1,
        '2022-05-01 20:00:00.000000', '2022-05-01 20:00:00.000000', 'true', 'true', 'true', 'true', 'true'),
       (19, 2, 'Room for 2 people. Simply perfect.', 'STANDARD', 28, 'EUR', 20, 'm2', 'BATH', 'ACTIVE', 1,
        '2022-05-01 20:00:00.000000', '2022-05-01 20:00:00.000000', 'false', 'false', 'false', 'false', 'true'),
       (20, 2, 'Room for 2 people. Simply perfect.', 'STANDARD', 22, 'EUR', 20, 'm2', 'BATH', 'ACTIVE', 1,
        '2022-05-01 20:00:00.000000', '2022-05-01 20:00:00.000000', 'false', 'false', 'false', 'false', 'true');

INSERT INTO uris (id, room_no, uri)
VALUES (1, 1, 'https://images.unsplash.com/photo-1554995207-c18c203602cb'),
       (2, 1, 'https://niebieskiklimat.pl/data/gfx/pictures/large/4/3/19934_3.png'),
       (3, 2, 'https://www.sn2.eu/media/k2/items/cache/07a555952c8718faae0fa1f39fe31eb3_XL.jpg'),
       (4, 2, 'https://static1.eskypartners.com/travelguide/standardy-hotelowych-pokoi-i-ich-wyposazenie.jpg'),
       (5, 3, 'https://aromastone.weebly.com/uploads/3/1/7/5/31759295/9253191_orig.jpg'),
       (6, 3, 'https://www.hotel-bialydom.pl/static/thumbnail/promo/min/1951.jpg'),
       (7, 4, 'https://u.profitroom.pl/2019-gardensquarehotel-pl/thumb/0x1000/uploads/Zdjecia/Hotel_square3-46web.jpg'),
       (8, 4,
        'https://encrypted-tbn0.gstatic.com/images?q=tbn:ANd9GcQhBVKPReTwS8zOECf_CskHE25SrxegOERGt1I7qENoWK7gOh4NJRLCUhwb2LHvGU8zKdI&usqp=CAU'),
       (9, 5,
        'https://s3.eu-central-1.amazonaws.com/pressland-cms/cache/__original__/2j/22266263-pokoje-hotelowe-zaaranzowano-rownie-bogato-jak-wnetrza.jpeg'),
       (10, 5,
        'https://cf.bstatic.com/xdata/images/hotel/max1024x768/22592817.jpg?k=b39b93710fa0df3e10f59662a6c177a39e0af8a61483950b8e7bc317ddf7f6e0&o=&hp=1'),
       (11, 6,
        'https://e-turysta.pl/zdjecia/galeria-glowna/maxw772maxh580/136/Pokoje-Hotelowe-Lila-Siedlce-1368775.jpg'),
       (12, 6, 'https://i.pinimg.com/originals/56/95/46/5695469b72db67cfaf7c56d20c4ddcaa.jpg'),
       (13, 7, 'https://encrypted-tbn0.gstatic.com/images?q=tbn:ANd9GcR9-Wu4bIM45ND-nb6RWl5Sa5WkvhyRsn4hYA&usqp=CAU'),
       (14, 7, 'https://salonkomandor.pl/wp-content/uploads/2020/12/pokoje-hotelowe-3-large.jpg'),
       (15, 8, 'https://encrypted-tbn0.gstatic.com/images?q=tbn:ANd9GcTbCsijVQXfM-dx8B4BSuNM6SaPD9heVciCLg&usqp=CAU'),
       (16, 8, 'https://triverna.pl/uploads/album_403/89865_97060f_209267.jpg'),
       (17, 9,
        'https://ocdn.eu/pulscms-transforms/1/YvHk9kpTURBXy85Y2RlNGI3MmVlMTA2YWU3NGZjMmEyZjA5MjdmNjNiOS5qcGeSlQMAP80IAM0EgJMFzQSwzQJYgaEwAQ'),
       (18, 9, 'https://niebieskiklimat.pl/data/gfx/pictures/large/4/3/19934_3.png'),
       (19, 10, 'https://encrypted-tbn0.gstatic.com/images?q=tbn:ANd9GcS_KyYXf_vIDyF6pHBor5FFxDWpyy7fBrWX4Q&usqp=CAU'),
       (20, 10, 'https://kuchniesowa.pl/wp-content/uploads/2018/10/hotelovy-nabytek-1-1300x520.jpg'),
       (21, 11, 'https://encrypted-tbn0.gstatic.com/images?q=tbn:ANd9GcS64PoTao6k3V4wIjkVlz3IvJL5asqd2C3Mwg&usqp=CAU'),
       (22, 11, 'https://www.hoteltatra.pl/photo/750/pokoj-premium-zakopane-hotel-tatra-9.jpg'),
       (23, 12, 'https://encrypted-tbn0.gstatic.com/images?q=tbn:ANd9GcSsMSpSsqs3DjZE2uoQ-uNCEMQohzCIYUV3rQ&usqp=CAU'),
       (24, 12, 'https://hotelwloski.pl/wp-content/uploads/2019/06/pokoje-hotelowe-poznan.jpg'),
       (25, 13, 'https://hotelwloski.pl/wp-content/uploads/2019/04/luksusowy-hotel-w-poznaniu.jpg'),
       (26, 13, 'https://kuchniesowa.pl/wp-content/uploads/2018/10/hotelarsky-5-1300x520.jpg'),
       (27, 14, 'https://pliki.propertydesign.pl/i/04/80/27/048027_r0_1140.jpg'),
       (28, 14, 'https://dobrystyl.com.pl/wp-content/uploads/2017/09/umeblowac-przestrzen.jpg'),
       (29, 15, 'https://www.bwfelix.pl/upload/2018/03/big_1u3a3571.jpg'),
       (30, 15, 'https://encrypted-tbn0.gstatic.com/images?q=tbn:ANd9GcTgYZK0GZYh5IjAJGDTFzUQA6lvgZPMU6C0YA&usqp=CAU'),
       (31, 16, 'https://encrypted-tbn0.gstatic.com/images?q=tbn:ANd9GcRVYIIVqtWndd4sdFIWu6nyzHu5dFrMAL7hSA&usqp=CAU'),
       (32, 16, 'https://rubbens.pl/wp-content/uploads/2018/08/lux-gold.jpg'),
       (33, 17, 'https://rubbens.pl/wp-content/uploads/2017/12/01_GOLD.jpg'),
       (34, 17, 'https://hotel-lascada.pl/wp-content/uploads/2017/01/UPS_1687-2.jpg'),
       (35, 18, 'https://hotel-lascada.pl/wp-content/uploads/2017/01/UPS_1609.jpg'),
       (36, 18, 'https://www.marmulowski.com/res/1009/2556/DSCF5996.jpg?size=1140x760&crop'),
       (37, 19, 'https://www.marmulowski.com/res/996/2492/DSCF5974.jpg?size=1140x760&crop'),
       (38, 19, 'https://encrypted-tbn0.gstatic.com/images?q=tbn:ANd9GcTQbqNhwiawMHTsz5LnSDlBGYcbqBOmllU4Uw&usqp=CAU'),
       (39, 20, 'https://budowskaz.pl/wp-content/uploads/2018/10/Hotel_02.jpg'),
       (40, 20, 'https://ireland.apollo.olxcdn.com/v1/files/ifg4l4gtjyxd1-PL/image;s=644x461');

INSERT INTO appuser (username, authorities, created_at, date_of_birth, email, modified_at, name, password, phone_number,
                     photouri, surname, version)
VALUES ('admin', 'ROLE_ADMIN', '2022-06-18 23:56:47.199412', '1993-05-29', 'admin@gmail.com',
        '2022-06-18 23:56:47.217925', 'Admin', '$2a$10$/G2ea4hRKFPohyWCggj6je2iMH5vWxOC/v1jr8g2ur/Zpzi2UwW2a',
        '786117813', 'https://image.shutterstock.com/image-vector/cartoon-business-man-260nw-208873153.jpg',
        'Administrator', 0),
       ('receptionist', 'ROLE_RECEPTIONIST', '2022-06-18 23:56:47.199412', '1995-05-29', 'receptionist@gmail.com',
        '2022-06-18 23:56:47.217925', 'Mateusz', '$2a$10$KUuzN/7CLlPDXyXUeiaHN.8rsGs57jGbNlxmsIViqIjcCKVkS3h6i',
        '512983749', 'https://image.shutterstock.com/image-vector/cartoon-business-man-260nw-208873153.jpg',
        'Myrcik', 0),
       ('user', 'ROLE_USER', '2022-06-18 23:56:47.199412', '1969-06-09', 'user@gmail.com',
        '2022-06-18 23:56:47.217925', 'Paulina', '$2a$10$4QTPWDUaYouI2gl136wnpuZzXq1OctWli4Pd3HKRgYTkGOWs4VReW',
        '512983749', 'https://image.shutterstock.com/image-vector/cartoon-business-man-260nw-208873153.jpg',
        'Nowak', 0)